{"f1": 0.6203438395415473, "auc": 0.8328541826261274, "non_own_f1": 0.5711805555555556, "non_own_auc": 0.8196750774777997, "insiders_non_own_f1": 0.5711805555555556, "insiders_non_own_auc": 0.8196750774777997}