{"f1": 0.6138107416879796, "auc": 0.7805166038150331, "non_own_f1": 0.5741324921135647, "non_own_auc": 0.7707909522425652, "insiders_non_own_f1": 0.5741324921135647, "insiders_non_own_auc": 0.7707909522425652}