{"f1": 0.5707434052757794, "auc": 0.7573957456156408, "non_own_f1": 0.5380116959064327, "non_own_auc": 0.7590029545674707, "insiders_non_own_f1": 0.5380116959064327, "insiders_non_own_auc": 0.7590029545674707}