{"f1": 0.7734204793028322, "auc": 0.9123826449359123, "non_own_f1": 0.7175572519083969, "non_own_auc": 0.8983222119419445, "insiders_non_own_f1": 0.7175572519083969, "insiders_non_own_auc": 0.8983222119419445}