{"f1": 0.5837837837837838, "auc": 0.7643154761904761, "non_own_f1": 0.5783132530120482, "non_own_auc": 0.7783475783475783, "insiders_non_own_f1": 0.5783132530120482, "insiders_non_own_auc": 0.7783475783475783}