{"f1": 0.7226027397260274, "auc": 0.8883645492037101, "non_own_f1": 0.7495495495495496, "non_own_auc": 0.9019865522921411, "insiders_non_own_f1": 0.7495495495495496, "insiders_non_own_auc": 0.9019865522921411}