{"f1": 0.6278814489571899, "auc": 0.8279263516772817, "non_own_f1": 0.6285046728971962, "non_own_auc": 0.8340192059585136, "insiders_non_own_f1": 0.6285046728971962, "insiders_non_own_auc": 0.8340192059585136}