{"f1": 0.7777777777777778, "auc": 0.8982679465776293, "non_own_f1": 0.7921348314606742, "non_own_auc": 0.9089662242664376, "insiders_non_own_f1": 0.7921348314606742, "insiders_non_own_auc": 0.9089662242664376}