{"f1": 0.6153846153846154, "auc": 0.7698511904761904, "non_own_f1": 0.6142857142857143, "non_own_auc": 0.7929843304843306, "insiders_non_own_f1": 0.6142857142857143, "insiders_non_own_auc": 0.7929843304843306}