{"f1": 0.7441860465116279, "auc": 0.905489038298528, "non_own_f1": 0.6700167504187605, "non_own_auc": 0.8836623022214745, "insiders_non_own_f1": 0.6700167504187605, "insiders_non_own_auc": 0.8836623022214745}