{"f1": 0.568359375, "auc": 0.7872809886273515, "non_own_f1": 0.5625, "non_own_auc": 0.7923807519512487, "insiders_non_own_f1": 0.5625, "insiders_non_own_auc": 0.7923807519512487}