{"f1": 0.6553133514986376, "auc": 0.8638918484210772, "non_own_f1": 0.6085526315789473, "non_own_auc": 0.8542076405030098, "insiders_non_own_f1": 0.6085526315789473, "insiders_non_own_auc": 0.8542076405030098}