{"f1": 0.6011560693641619, "auc": 0.7870073704890366, "non_own_f1": 0.6163141993957704, "non_own_auc": 0.8038220624057533, "insiders_non_own_f1": 0.6163141993957704, "insiders_non_own_auc": 0.8038220624057533}