{"f1": 0.7001733102253033, "auc": 0.8652705103754053, "non_own_f1": 0.7213114754098361, "non_own_auc": 0.877289665787555, "insiders_non_own_f1": 0.7213114754098361, "insiders_non_own_auc": 0.877289665787555}