{"f1": 0.7457627118644068, "auc": 0.8871202003338897, "non_own_f1": 0.7633587786259542, "non_own_auc": 0.9010556648471917, "insiders_non_own_f1": 0.7633587786259542, "insiders_non_own_auc": 0.9010556648471917}