{"f1": 0.5830903790087464, "auc": 0.7687327769207442, "non_own_f1": 0.5950920245398773, "non_own_auc": 0.788075629277346, "insiders_non_own_f1": 0.5950920245398773, "insiders_non_own_auc": 0.788075629277346}